card,codec,title,cap_mbps,mode,preset,options,delivered_kbps,cap_hit_pct,fps,realtime_x,vmaf,vmaf_min,ssim,psnr,wall_s,notes
arc-a380-qsv,h264,Sample A 1080p H.264 SDR,3,baseline,veryfast,agent.translate: crf->global_quality 23 +maxrate/bufsize,1205.5,40.2,482.4,20.1,91.343,81.797,0.9955,44.9075,1.2,1920x1080; 480f; stream=1202.8kbps; fps derived from speed x 24
arc-a380-qsv,h264,Sample A 1080p H.264 SDR,3,candidate,medium,vbr b:v=0.95cap maxrate=cap bufsize=2cap extbrc,2899.7,96.7,431.0,17.9,,,,,1.3,1920x1080; stream=2896.0kbps
arc-a380-qsv,h264,Sample A 1080p H.264 SDR,3,candidate,veryfast,vbr b:v=0.95cap maxrate=cap bufsize=2cap extbrc,2899.0,96.6,425.0,17.7,,,,,1.33,1920x1080; stream=2895.4kbps
arc-a380-qsv,h264,Sample A 1080p H.264 SDR,3,candidate,veryslow,vbr b:v=0.95cap maxrate=cap bufsize=2cap extbrc,2906.5,96.9,289.0,12.0,,,,,1.81,1920x1080; stream=2902.9kbps
arc-a380-qsv,h264,Sample A 1080p H.264 SDR,8,baseline,veryfast,agent.translate: crf->global_quality 23 +maxrate/bufsize,1205.5,15.1,480.0,19.9,91.343,81.797,0.9955,44.9075,1.17,1920x1080; 480f; stream=1202.8kbps
arc-a380-qsv,h264,Sample A 1080p H.264 SDR,8,candidate,medium,vbr b:v=0.95cap maxrate=cap bufsize=2cap extbrc,7718.9,96.5,381.0,15.8,97.27,93.663,0.9986,49.5488,1.44,1920x1080; 480f; stream=7715.3kbps
arc-a380-qsv,h264,Sample A 1080p H.264 SDR,8,candidate,veryfast,vbr b:v=0.95cap maxrate=cap bufsize=2cap extbrc,7716.8,96.5,385.0,16.0,,,,,1.43,1920x1080; stream=7713.1kbps
arc-a380-qsv,h264,Sample A 1080p H.264 SDR,8,candidate,veryslow,vbr b:v=0.95cap maxrate=cap bufsize=2cap extbrc,7737.5,96.7,265.0,11.0,,,,,2.0,1920x1080; stream=7733.8kbps
arc-a380-qsv,h264,Sample A 1080p H.264 SDR,15,baseline,veryfast,agent.translate: crf->global_quality 23 +maxrate/bufsize,1205.5,8.0,499.2,20.8,91.343,81.797,0.9955,44.9075,1.11,1920x1080; 480f; stream=1202.8kbps; fps derived from speed x 24
arc-a380-qsv,h264,Sample A 1080p H.264 SDR,15,candidate,medium,vbr b:v=0.95cap maxrate=cap bufsize=2cap extbrc,14505.4,96.7,323.0,13.4,,,,,1.67,1920x1080; stream=14501.6kbps
arc-a380-qsv,h264,Sample A 1080p H.264 SDR,15,candidate,veryfast,vbr b:v=0.95cap maxrate=cap bufsize=2cap extbrc,14499.2,96.7,345.0,14.3,,,,,1.55,1920x1080; stream=14495.4kbps
arc-a380-qsv,h264,Sample A 1080p H.264 SDR,15,candidate,veryslow,vbr b:v=0.95cap maxrate=cap bufsize=2cap extbrc,14517.9,96.8,244.0,10.1,,,,,2.14,1920x1080; stream=14514.2kbps
arc-a380-qsv,h264,Sample B 1620p HEVC SDR,3,baseline,veryfast,agent.translate: crf->global_quality 23 +maxrate/bufsize,845.1,28.2,356.0,14.8,81.386,58.553,0.9808,41.5545,1.43,1920x810; 480f; stream=842.4kbps
arc-a380-qsv,h264,Sample B 1620p HEVC SDR,3,candidate,medium,vbr b:v=0.95cap maxrate=cap bufsize=2cap extbrc,2829.0,94.3,347.0,14.4,,,,,1.53,1920x810; stream=2825.1kbps
arc-a380-qsv,h264,Sample B 1620p HEVC SDR,3,candidate,veryfast,vbr b:v=0.95cap maxrate=cap bufsize=2cap extbrc,2830.3,94.3,331.0,13.7,,,,,1.54,1920x810; stream=2826.3kbps
arc-a380-qsv,h264,Sample B 1620p HEVC SDR,3,candidate,veryslow,vbr b:v=0.95cap maxrate=cap bufsize=2cap extbrc,2829.6,94.3,293.0,12.2,,,,,1.85,1920x810; stream=2825.7kbps
arc-a380-qsv,h264,Sample B 1620p HEVC SDR,8,baseline,veryfast,agent.translate: crf->global_quality 23 +maxrate/bufsize,845.1,10.6,373.0,15.5,81.386,58.553,0.9808,41.5545,1.45,1920x810; 480f; stream=842.4kbps
arc-a380-qsv,h264,Sample B 1620p HEVC SDR,8,candidate,medium,vbr b:v=0.95cap maxrate=cap bufsize=2cap extbrc,7566.0,94.6,303.0,12.6,89.802,77.789,0.9892,43.0174,1.69,1920x810; 480f; stream=7562.0kbps
arc-a380-qsv,h264,Sample B 1620p HEVC SDR,8,candidate,veryfast,vbr b:v=0.95cap maxrate=cap bufsize=2cap extbrc,7578.4,94.7,319.0,13.3,,,,,1.62,1920x810; stream=7574.4kbps
arc-a380-qsv,h264,Sample B 1620p HEVC SDR,8,candidate,veryslow,vbr b:v=0.95cap maxrate=cap bufsize=2cap extbrc,7568.5,94.6,282.0,11.7,,,,,1.79,1920x810; stream=7564.5kbps
arc-a380-qsv,h264,Sample B 1620p HEVC SDR,15,baseline,veryfast,agent.translate: crf->global_quality 23 +maxrate/bufsize,845.1,5.6,368.0,15.3,81.386,58.553,0.9808,41.5545,1.45,1920x810; 480f; stream=842.4kbps
arc-a380-qsv,h264,Sample B 1620p HEVC SDR,15,candidate,medium,vbr b:v=0.95cap maxrate=cap bufsize=2cap extbrc,14187.9,94.6,312.0,12.9,,,,,1.72,1920x810; stream=14183.8kbps
arc-a380-qsv,h264,Sample B 1620p HEVC SDR,15,candidate,veryfast,vbr b:v=0.95cap maxrate=cap bufsize=2cap extbrc,14184.0,94.6,285.0,11.8,,,,,1.78,1920x810; stream=14179.9kbps
arc-a380-qsv,h264,Sample B 1620p HEVC SDR,15,candidate,veryslow,vbr b:v=0.95cap maxrate=cap bufsize=2cap extbrc,14200.8,94.7,250.0,10.4,,,,,2.0,1920x810; stream=14196.7kbps
arc-a380-qsv,h264,Sample C 2160p HEVC DV/HDR10,3,baseline,veryfast,agent.translate: crf->global_quality 23 +maxrate/bufsize,1796.0,59.9,295.0,12.2,88.617,81.962,0.984,33.7171,1.74,1920x1080; 480f; stream=1793.3kbps
arc-a380-qsv,h264,Sample C 2160p HEVC DV/HDR10,3,candidate,medium,vbr b:v=0.95cap maxrate=cap bufsize=2cap extbrc,2880.7,96.0,288.0,12.0,,,,,1.8,1920x1080; stream=2877.1kbps
arc-a380-qsv,h264,Sample C 2160p HEVC DV/HDR10,3,candidate,veryfast,vbr b:v=0.95cap maxrate=cap bufsize=2cap extbrc,2881.0,96.0,285.0,11.8,,,,,1.85,1920x1080; stream=2877.5kbps
arc-a380-qsv,h264,Sample C 2160p HEVC DV/HDR10,3,candidate,veryslow,vbr b:v=0.95cap maxrate=cap bufsize=2cap extbrc,2896.3,96.5,267.0,11.1,,,,,1.94,1920x1080; stream=2892.7kbps
arc-a380-qsv,h264,Sample C 2160p HEVC DV/HDR10,8,baseline,veryfast,agent.translate: crf->global_quality 23 +maxrate/bufsize,1796.0,22.4,290.0,12.1,88.617,81.962,0.984,33.7171,1.78,1920x1080; 480f; stream=1793.3kbps
arc-a380-qsv,h264,Sample C 2160p HEVC DV/HDR10,8,candidate,medium,vbr b:v=0.95cap maxrate=cap bufsize=2cap extbrc,7690.6,96.1,277.0,11.5,93.387,84.192,0.9879,33.8536,1.84,1920x1080; 480f; stream=7687.0kbps
arc-a380-qsv,h264,Sample C 2160p HEVC DV/HDR10,8,candidate,veryfast,vbr b:v=0.95cap maxrate=cap bufsize=2cap extbrc,7691.7,96.1,267.0,11.1,,,,,1.91,1920x1080; stream=7688.1kbps
arc-a380-qsv,h264,Sample C 2160p HEVC DV/HDR10,8,candidate,veryslow,vbr b:v=0.95cap maxrate=cap bufsize=2cap extbrc,7697.9,96.2,240.0,9.97,,,,,2.15,1920x1080; stream=7694.2kbps
arc-a380-qsv,h264,Sample C 2160p HEVC DV/HDR10,15,baseline,veryfast,agent.translate: crf->global_quality 23 +maxrate/bufsize,1796.0,12.0,296.0,12.3,88.617,81.962,0.984,33.7171,1.72,1920x1080; 480f; stream=1793.3kbps
arc-a380-qsv,h264,Sample C 2160p HEVC DV/HDR10,15,candidate,medium,vbr b:v=0.95cap maxrate=cap bufsize=2cap extbrc,14421.5,96.1,241.0,9.99,,,,,2.17,1920x1080; stream=14417.8kbps
arc-a380-qsv,h264,Sample C 2160p HEVC DV/HDR10,15,candidate,veryfast,vbr b:v=0.95cap maxrate=cap bufsize=2cap extbrc,14416.8,96.1,243.0,10.1,,,,,2.08,1920x1080; stream=14413.1kbps
arc-a380-qsv,h264,Sample C 2160p HEVC DV/HDR10,15,candidate,veryslow,vbr b:v=0.95cap maxrate=cap bufsize=2cap extbrc,14425.6,96.2,217.0,8.99,,,,,2.36,1920x1080; stream=14421.9kbps
arc-a380-qsv,h264,Sample C 2160p HEVC DV/HDR10,40,tonemap-floor,veryslow,"40 Mbps cap, slowest preset: residual loss is the GPU tone map",38268.8,95.7,171.0,7.1,95.553,89.924,0.9903,33.9706,2.89,1920x1080; 480f; stream=38264.8kbps
arc-a380-qsv,hevc,Sample A 1080p H.264 SDR,3,baseline,veryfast,agent.translate: crf->global_quality 28 +maxrate/bufsize,887.3,29.6,664.8,27.7,91.308,83.315,0.9954,44.8247,0.85,1920x1080; 480f; stream=884.6kbps; fps derived from speed x 24
arc-a380-qsv,hevc,Sample A 1080p H.264 SDR,3,candidate,medium,vbr b:v=0.95cap maxrate=cap bufsize=2cap extbrc+look_ahead_depth+adaptive_i+adaptive_b+b_strategy,2894.2,96.5,467.0,19.4,,,,,1.17,1920x1080; stream=2890.6kbps
arc-a380-qsv,hevc,Sample A 1080p H.264 SDR,3,candidate,veryfast,vbr b:v=0.95cap maxrate=cap bufsize=2cap extbrc+look_ahead_depth+adaptive_i+adaptive_b+b_strategy,2896.6,96.6,588.0,24.5,,,,,0.96,1920x1080; stream=2892.9kbps; fps derived from speed x 24
arc-a380-qsv,hevc,Sample A 1080p H.264 SDR,3,candidate,veryslow,vbr b:v=0.95cap maxrate=cap bufsize=2cap extbrc+look_ahead_depth+adaptive_i+adaptive_b+b_strategy,2895.2,96.5,259.0,10.7,,,,,1.98,1920x1080; stream=2891.6kbps
arc-a380-qsv,hevc,Sample A 1080p H.264 SDR,8,baseline,veryfast,agent.translate: crf->global_quality 28 +maxrate/bufsize,887.3,11.1,645.6,26.9,91.308,83.315,0.9954,44.8247,0.9,1920x1080; 480f; stream=884.6kbps; fps derived from speed x 24
arc-a380-qsv,hevc,Sample A 1080p H.264 SDR,8,candidate,medium,vbr b:v=0.95cap maxrate=cap bufsize=2cap extbrc+look_ahead_depth+adaptive_i+adaptive_b+b_strategy,7737.5,96.7,395.0,16.4,97.61,94.283,0.9988,49.9498,1.4,1920x1080; 480f; stream=7733.8kbps
arc-a380-qsv,hevc,Sample A 1080p H.264 SDR,8,candidate,veryfast,vbr b:v=0.95cap maxrate=cap bufsize=2cap extbrc+look_ahead_depth+adaptive_i+adaptive_b+b_strategy,7742.1,96.8,504.0,21.0,,,,,1.13,1920x1080; stream=7738.4kbps; fps derived from speed x 24
arc-a380-qsv,hevc,Sample A 1080p H.264 SDR,8,candidate,veryslow,vbr b:v=0.95cap maxrate=cap bufsize=2cap extbrc+look_ahead_depth+adaptive_i+adaptive_b+b_strategy,7740.5,96.8,247.0,10.3,,,,,2.13,1920x1080; stream=7736.8kbps
arc-a380-qsv,hevc,Sample A 1080p H.264 SDR,15,baseline,veryfast,agent.translate: crf->global_quality 28 +maxrate/bufsize,887.3,5.9,588.0,24.5,91.308,83.315,0.9954,44.8247,0.94,1920x1080; 480f; stream=884.6kbps; fps derived from speed x 24
arc-a380-qsv,hevc,Sample A 1080p H.264 SDR,15,candidate,medium,vbr b:v=0.95cap maxrate=cap bufsize=2cap extbrc+look_ahead_depth+adaptive_i+adaptive_b+b_strategy,14494.9,96.6,351.0,14.6,,,,,1.56,1920x1080; stream=14491.2kbps
arc-a380-qsv,hevc,Sample A 1080p H.264 SDR,15,candidate,veryfast,vbr b:v=0.95cap maxrate=cap bufsize=2cap extbrc+look_ahead_depth+adaptive_i+adaptive_b+b_strategy,14496.8,96.6,417.0,17.3,,,,,1.34,1920x1080; stream=14493.1kbps
arc-a380-qsv,hevc,Sample A 1080p H.264 SDR,15,candidate,veryslow,vbr b:v=0.95cap maxrate=cap bufsize=2cap extbrc+look_ahead_depth+adaptive_i+adaptive_b+b_strategy,14491.7,96.6,230.0,9.54,,,,,2.26,1920x1080; stream=14487.9kbps
arc-a380-qsv,hevc,Sample B 1620p HEVC SDR,3,baseline,veryfast,agent.translate: crf->global_quality 28 +maxrate/bufsize,594.2,19.8,337.0,14.0,82.07,62.275,0.9806,41.6045,1.59,1920x810; 480f; stream=591.5kbps
arc-a380-qsv,hevc,Sample B 1620p HEVC SDR,3,candidate,medium,vbr b:v=0.95cap maxrate=cap bufsize=2cap extbrc+look_ahead_depth+adaptive_i+adaptive_b+b_strategy,2828.0,94.3,339.0,14.0,,,,,1.58,1920x810; stream=2824.0kbps
arc-a380-qsv,hevc,Sample B 1620p HEVC SDR,3,candidate,veryfast,vbr b:v=0.95cap maxrate=cap bufsize=2cap extbrc+look_ahead_depth+adaptive_i+adaptive_b+b_strategy,2828.7,94.3,364.0,15.1,,,,,1.45,1920x810; stream=2824.8kbps
arc-a380-qsv,hevc,Sample B 1620p HEVC SDR,3,candidate,veryslow,vbr b:v=0.95cap maxrate=cap bufsize=2cap extbrc+look_ahead_depth+adaptive_i+adaptive_b+b_strategy,2825.8,94.2,300.0,12.4,,,,,1.77,1920x810; stream=2821.9kbps
arc-a380-qsv,hevc,Sample B 1620p HEVC SDR,8,baseline,veryfast,agent.translate: crf->global_quality 28 +maxrate/bufsize,594.2,7.4,353.0,14.6,82.07,62.275,0.9806,41.6045,1.53,1920x810; 480f; stream=591.5kbps
arc-a380-qsv,hevc,Sample B 1620p HEVC SDR,8,candidate,medium,vbr b:v=0.95cap maxrate=cap bufsize=2cap extbrc+look_ahead_depth+adaptive_i+adaptive_b+b_strategy,7567.5,94.6,296.0,12.3,,,,,1.78,1920x810; stream=7563.5kbps
arc-a380-qsv,hevc,Sample B 1620p HEVC SDR,8,candidate,veryfast,vbr b:v=0.95cap maxrate=cap bufsize=2cap extbrc+look_ahead_depth+adaptive_i+adaptive_b+b_strategy,7564.8,94.6,333.0,13.8,,,,,1.57,1920x810; stream=7560.7kbps
arc-a380-qsv,hevc,Sample B 1620p HEVC SDR,8,candidate,veryslow,vbr b:v=0.95cap maxrate=cap bufsize=2cap extbrc+look_ahead_depth+adaptive_i+adaptive_b+b_strategy,7570.9,94.6,266.0,11.0,,,,,1.94,1920x810; stream=7566.9kbps
arc-a380-qsv,hevc,Sample B 1620p HEVC SDR,15,baseline,veryfast,agent.translate: crf->global_quality 28 +maxrate/bufsize,594.2,4.0,367.0,15.2,82.07,62.275,0.9806,41.6045,1.39,1920x810; 480f; stream=591.5kbps
arc-a380-qsv,hevc,Sample B 1620p HEVC SDR,15,candidate,medium,vbr b:v=0.95cap maxrate=cap bufsize=2cap extbrc+look_ahead_depth+adaptive_i+adaptive_b+b_strategy,14220.3,94.8,304.0,12.6,,,,,1.68,1920x810; stream=14216.2kbps
arc-a380-qsv,hevc,Sample B 1620p HEVC SDR,15,candidate,veryfast,vbr b:v=0.95cap maxrate=cap bufsize=2cap extbrc+look_ahead_depth+adaptive_i+adaptive_b+b_strategy,14211.1,94.7,281.0,11.7,,,,,1.85,1920x810; stream=14207.0kbps
arc-a380-qsv,hevc,Sample B 1620p HEVC SDR,15,candidate,veryslow,vbr b:v=0.95cap maxrate=cap bufsize=2cap extbrc+look_ahead_depth+adaptive_i+adaptive_b+b_strategy,14215.4,94.8,264.0,10.9,,,,,1.97,1920x810; stream=14211.2kbps
arc-a380-qsv,hevc,Sample C 2160p HEVC DV/HDR10,3,baseline,veryfast,agent.translate: crf->global_quality 28 +maxrate/bufsize,1186.5,39.5,281.0,11.7,89.198,82.176,0.9841,33.5679,1.87,1920x1080; 480f; stream=1183.8kbps
arc-a380-qsv,hevc,Sample C 2160p HEVC DV/HDR10,3,candidate,medium,vbr b:v=0.95cap maxrate=cap bufsize=2cap extbrc+look_ahead_depth+adaptive_i+adaptive_b+b_strategy,2856.1,95.2,285.0,11.8,,,,,1.81,1920x1080; stream=2852.5kbps
arc-a380-qsv,hevc,Sample C 2160p HEVC DV/HDR10,3,candidate,veryfast,vbr b:v=0.95cap maxrate=cap bufsize=2cap extbrc+look_ahead_depth+adaptive_i+adaptive_b+b_strategy,2859.7,95.3,283.0,11.7,,,,,1.86,1920x1080; stream=2856.2kbps
arc-a380-qsv,hevc,Sample C 2160p HEVC DV/HDR10,3,candidate,veryslow,vbr b:v=0.95cap maxrate=cap bufsize=2cap extbrc+look_ahead_depth+adaptive_i+adaptive_b+b_strategy,2856.1,95.2,248.0,10.3,,,,,2.06,1920x1080; stream=2852.5kbps
arc-a380-qsv,hevc,Sample C 2160p HEVC DV/HDR10,8,baseline,veryfast,agent.translate: crf->global_quality 28 +maxrate/bufsize,1186.5,14.8,291.0,12.1,89.198,82.176,0.9841,33.5679,1.75,1920x1080; 480f; stream=1183.8kbps
arc-a380-qsv,hevc,Sample C 2160p HEVC DV/HDR10,8,candidate,medium,vbr b:v=0.95cap maxrate=cap bufsize=2cap extbrc+look_ahead_depth+adaptive_i+adaptive_b+b_strategy,7679.0,96.0,280.0,11.6,,,,,1.9,1920x1080; stream=7675.3kbps
arc-a380-qsv,hevc,Sample C 2160p HEVC DV/HDR10,8,candidate,veryfast,vbr b:v=0.95cap maxrate=cap bufsize=2cap extbrc+look_ahead_depth+adaptive_i+adaptive_b+b_strategy,7677.8,96.0,266.0,11.0,,,,,1.93,1920x1080; stream=7674.1kbps
arc-a380-qsv,hevc,Sample C 2160p HEVC DV/HDR10,8,candidate,veryslow,vbr b:v=0.95cap maxrate=cap bufsize=2cap extbrc+look_ahead_depth+adaptive_i+adaptive_b+b_strategy,7679.0,96.0,229.0,9.49,,,,,2.27,1920x1080; stream=7675.4kbps
arc-a380-qsv,hevc,Sample C 2160p HEVC DV/HDR10,15,baseline,veryfast,agent.translate: crf->global_quality 28 +maxrate/bufsize,1186.5,7.9,295.0,12.2,89.198,82.176,0.9841,33.5679,1.83,1920x1080; 480f; stream=1183.8kbps
arc-a380-qsv,hevc,Sample C 2160p HEVC DV/HDR10,15,candidate,medium,vbr b:v=0.95cap maxrate=cap bufsize=2cap extbrc+look_ahead_depth+adaptive_i+adaptive_b+b_strategy,14401.9,96.0,231.0,9.59,,,,,2.26,1920x1080; stream=14398.2kbps
arc-a380-qsv,hevc,Sample C 2160p HEVC DV/HDR10,15,candidate,veryfast,vbr b:v=0.95cap maxrate=cap bufsize=2cap extbrc+look_ahead_depth+adaptive_i+adaptive_b+b_strategy,14400.7,96.0,252.0,10.4,,,,,2.07,1920x1080; stream=14397.0kbps
arc-a380-qsv,hevc,Sample C 2160p HEVC DV/HDR10,15,candidate,veryslow,vbr b:v=0.95cap maxrate=cap bufsize=2cap extbrc+look_ahead_depth+adaptive_i+adaptive_b+b_strategy,14403.0,96.0,217.0,8.99,,,,,2.37,1920x1080; stream=14399.3kbps
cpu-dl380,h264,Sample A 1080p H.264 SDR,3,cpu-ref,slow,"libx264 -preset slow, b:v=0.95cap maxrate=cap bufsize=2cap",2990.0,99.7,33.0,1.36,,,,,14.75,1920x1080; stream=2986.4kbps
cpu-dl380,h264,Sample A 1080p H.264 SDR,8,cpu-ref,slow,"libx264 -preset slow, b:v=0.95cap maxrate=cap bufsize=2cap",7828.8,97.9,22.0,0.922,96.691,89.965,0.9988,48.4394,21.74,1920x1080; 480f; stream=7825.1kbps
cpu-dl380,h264,Sample A 1080p H.264 SDR,15,cpu-ref,slow,"libx264 -preset slow, b:v=0.95cap maxrate=cap bufsize=2cap",14545.3,97.0,18.0,0.757,,,,,26.48,1920x1080; stream=14541.6kbps
cpu-dl380,h264,Sample B 1620p HEVC SDR,3,cpu-ref,slow,"libx264 -preset slow, b:v=0.95cap maxrate=cap bufsize=2cap",2840.4,94.7,19.0,0.772,,,,,25.9,1920x810; stream=2836.8kbps
cpu-dl380,h264,Sample B 1620p HEVC SDR,8,cpu-ref,slow,"libx264 -preset slow, b:v=0.95cap maxrate=cap bufsize=2cap",7558.2,94.5,14.0,0.587,,,,,34.07,1920x810; stream=7554.6kbps
cpu-dl380,h264,Sample B 1620p HEVC SDR,15,cpu-ref,slow,"libx264 -preset slow, b:v=0.95cap maxrate=cap bufsize=2cap",14165.8,94.4,11.0,0.468,,,,,42.69,1920x810; stream=14162.1kbps
cpu-dl380,h264,Sample C 2160p HEVC DV/HDR10,3,cpu-ref,slow,"libx264 -preset slow, b:v=0.95cap maxrate=cap bufsize=2cap",2838.8,94.6,19.0,0.779,,,,,25.73,1920x1080; stream=2835.3kbps
cpu-dl380,h264,Sample C 2160p HEVC DV/HDR10,8,cpu-ref,slow,"libx264 -preset slow, b:v=0.95cap maxrate=cap bufsize=2cap",7637.9,95.5,15.0,0.61,,,,,32.79,1920x1080; stream=7634.3kbps
cpu-dl380,h264,Sample C 2160p HEVC DV/HDR10,15,cpu-ref,slow,"libx264 -preset slow, b:v=0.95cap maxrate=cap bufsize=2cap",14256.0,95.0,12.0,0.503,,,,,39.73,1920x1080; stream=14252.3kbps
cpu-dl380,hevc,Sample A 1080p H.264 SDR,3,cpu-ref,slow,"libx265 -preset slow, b:v=0.95cap maxrate=cap bufsize=2cap",2959.2,98.6,8.4,0.348,,,,,57.51,1920x1080; stream=2954.6kbps
cpu-dl380,hevc,Sample A 1080p H.264 SDR,8,cpu-ref,slow,"libx265 -preset slow, b:v=0.95cap maxrate=cap bufsize=2cap",7829.2,97.9,6.2,0.256,97.608,90.53,0.9989,49.9663,77.97,1920x1080; 480f; stream=7824.5kbps
cpu-dl380,hevc,Sample A 1080p H.264 SDR,15,cpu-ref,slow,"libx265 -preset slow, b:v=0.95cap maxrate=cap bufsize=2cap",14537.3,96.9,4.9,0.205,,,,,97.43,1920x1080; stream=14532.6kbps
cpu-dl380,hevc,Sample B 1620p HEVC SDR,3,cpu-ref,slow,"libx265 -preset slow, b:v=0.95cap maxrate=cap bufsize=2cap",2898.9,96.6,6.2,0.259,,,,,77.32,1920x810; stream=2894.0kbps
cpu-dl380,hevc,Sample B 1620p HEVC SDR,8,cpu-ref,slow,"libx265 -preset slow, b:v=0.95cap maxrate=cap bufsize=2cap",7728.2,96.6,4.3,0.18,,,,,111.22,1920x810; stream=7723.2kbps
cpu-dl380,hevc,Sample B 1620p HEVC SDR,15,cpu-ref,slow,"libx265 -preset slow, b:v=0.95cap maxrate=cap bufsize=2cap",14462.9,96.4,3.5,0.148,,,,,135.25,1920x810; stream=14457.8kbps
cpu-dl380,hevc,Sample C 2160p HEVC DV/HDR10,3,cpu-ref,slow,"libx265 -preset slow, b:v=0.95cap maxrate=cap bufsize=2cap",2860.9,95.4,6.9,0.287,,,,,69.68,1920x1080; stream=2856.4kbps
cpu-dl380,hevc,Sample C 2160p HEVC DV/HDR10,8,cpu-ref,slow,"libx265 -preset slow, b:v=0.95cap maxrate=cap bufsize=2cap",7603.1,95.0,5.0,0.209,,,,,95.49,1920x1080; stream=7598.6kbps
cpu-dl380,hevc,Sample C 2160p HEVC DV/HDR10,15,cpu-ref,slow,"libx265 -preset slow, b:v=0.95cap maxrate=cap bufsize=2cap",14090.8,93.9,4.0,0.167,,,,,120.02,1920x1080; stream=14086.2kbps
tesla-p4-nvenc,h264,Sample A 1080p H.264 SDR,3,baseline,veryfast,agent.translate: crf->cq 23 +maxrate/bufsize,2942.5,98.1,266.0,11.1,95.495,86.731,0.9971,47.051,2.41,1920x1080; 480f; stream=2941.3kbps
tesla-p4-nvenc,h264,Sample A 1080p H.264 SDR,3,candidate,p2,rc=vbr tune=hq multipass=fullres spatial-aq b:v=0.95cap spatial-aq+multipass+temporal-aq+b_ref_mode,2987.9,99.6,201.0,8.39,,,,,2.88,1920x1080; stream=2985.9kbps
tesla-p4-nvenc,h264,Sample A 1080p H.264 SDR,3,candidate,p5,rc=vbr tune=hq multipass=fullres spatial-aq b:v=0.95cap spatial-aq+multipass+temporal-aq+b_ref_mode,3075.5,102.5,176.0,7.3,,,,,3.14,1920x1080; stream=3071.9kbps
tesla-p4-nvenc,h264,Sample A 1080p H.264 SDR,3,candidate,p7,rc=vbr tune=hq multipass=fullres spatial-aq b:v=0.95cap spatial-aq+multipass+temporal-aq+b_ref_mode,3140.5,104.7,121.0,5.04,,,,,4.65,1920x1080; stream=3136.9kbps
tesla-p4-nvenc,h264,Sample A 1080p H.264 SDR,8,baseline,veryfast,agent.translate: crf->cq 23 +maxrate/bufsize,7692.2,96.2,266.0,11.1,97.544,94.459,0.9986,49.1854,2.46,1920x1080; 480f; stream=7691.0kbps
tesla-p4-nvenc,h264,Sample A 1080p H.264 SDR,8,candidate,p2,rc=vbr tune=hq multipass=fullres spatial-aq b:v=0.95cap spatial-aq+multipass+temporal-aq+b_ref_mode,7934.3,99.2,186.0,7.76,,,,,3.12,1920x1080; stream=7932.1kbps
tesla-p4-nvenc,h264,Sample A 1080p H.264 SDR,8,candidate,p5,rc=vbr tune=hq multipass=fullres spatial-aq b:v=0.95cap spatial-aq+multipass+temporal-aq+b_ref_mode,8154.6,101.9,167.0,6.93,96.672,93.356,0.9988,48.5814,3.41,1920x1080; 480f; stream=8151.0kbps
tesla-p4-nvenc,h264,Sample A 1080p H.264 SDR,8,candidate,p7,rc=vbr tune=hq multipass=fullres spatial-aq b:v=0.95cap spatial-aq+multipass+temporal-aq+b_ref_mode,8234.0,102.9,115.0,4.76,,,,,4.61,1920x1080; stream=8230.3kbps
tesla-p4-nvenc,h264,Sample A 1080p H.264 SDR,15,baseline,veryfast,agent.translate: crf->cq 23 +maxrate/bufsize,7796.9,52.0,272.0,11.4,97.586,94.892,0.9987,49.2178,2.36,1920x1080; 480f; stream=7795.6kbps
tesla-p4-nvenc,h264,Sample A 1080p H.264 SDR,15,candidate,p2,rc=vbr tune=hq multipass=fullres spatial-aq b:v=0.95cap spatial-aq+multipass+temporal-aq+b_ref_mode,14681.3,97.9,168.0,7.02,,,,,3.35,1920x1080; stream=14679.1kbps
tesla-p4-nvenc,h264,Sample A 1080p H.264 SDR,15,candidate,p5,rc=vbr tune=hq multipass=fullres spatial-aq b:v=0.95cap spatial-aq+multipass+temporal-aq+b_ref_mode,15295.0,102.0,160.0,6.65,,,,,3.62,1920x1080; stream=15291.3kbps
tesla-p4-nvenc,h264,Sample A 1080p H.264 SDR,15,candidate,p7,rc=vbr tune=hq multipass=fullres spatial-aq b:v=0.95cap spatial-aq+multipass+temporal-aq+b_ref_mode,15488.6,103.3,109.0,4.54,,,,,4.87,1920x1080; stream=15484.8kbps
tesla-p4-nvenc,h264,Sample B 1620p HEVC SDR,3,baseline,veryfast,agent.translate: crf->cq 23 +maxrate/bufsize,2940.1,98.0,140.0,5.86,87.304,75.371,0.9857,42.288,3.83,1920x810; 480f; stream=2938.9kbps
tesla-p4-nvenc,h264,Sample B 1620p HEVC SDR,3,candidate,p2,rc=vbr tune=hq multipass=fullres spatial-aq b:v=0.95cap spatial-aq+multipass+temporal-aq+b_ref_mode,2932.1,97.7,140.0,5.84,,,,,3.83,1920x810; stream=2929.7kbps
tesla-p4-nvenc,h264,Sample B 1620p HEVC SDR,3,candidate,p5,rc=vbr tune=hq multipass=fullres spatial-aq b:v=0.95cap spatial-aq+multipass+temporal-aq+b_ref_mode,3010.6,100.4,140.0,5.8,,,,,3.82,1920x810; stream=3006.7kbps
tesla-p4-nvenc,h264,Sample B 1620p HEVC SDR,3,candidate,p7,rc=vbr tune=hq multipass=fullres spatial-aq b:v=0.95cap spatial-aq+multipass+temporal-aq+b_ref_mode,3044.8,101.5,133.0,5.52,,,,,4.08,1920x810; stream=3041.0kbps
tesla-p4-nvenc,h264,Sample B 1620p HEVC SDR,8,baseline,veryfast,agent.translate: crf->cq 23 +maxrate/bufsize,8022.7,100.3,140.0,5.85,90.19,83.439,0.9903,43.0973,3.81,1920x810; 480f; stream=8021.5kbps
tesla-p4-nvenc,h264,Sample B 1620p HEVC SDR,8,candidate,p2,rc=vbr tune=hq multipass=fullres spatial-aq b:v=0.95cap spatial-aq+multipass+temporal-aq+b_ref_mode,7818.3,97.7,140.0,5.84,,,,,3.82,1920x810; stream=7815.8kbps
tesla-p4-nvenc,h264,Sample B 1620p HEVC SDR,8,candidate,p5,rc=vbr tune=hq multipass=fullres spatial-aq b:v=0.95cap spatial-aq+multipass+temporal-aq+b_ref_mode,8056.4,100.7,139.0,5.77,88.198,75.81,0.9886,42.8498,3.82,1920x810; 480f; stream=8052.5kbps
tesla-p4-nvenc,h264,Sample B 1620p HEVC SDR,8,candidate,p7,rc=vbr tune=hq multipass=fullres spatial-aq b:v=0.95cap spatial-aq+multipass+temporal-aq+b_ref_mode,8214.8,102.7,131.0,5.44,,,,,4.07,1920x810; stream=8210.9kbps
tesla-p4-nvenc,h264,Sample B 1620p HEVC SDR,15,baseline,veryfast,agent.translate: crf->cq 23 +maxrate/bufsize,8033.3,53.6,137.0,5.73,90.188,83.325,0.9903,43.0992,4.11,1920x810; 480f; stream=8032.0kbps
tesla-p4-nvenc,h264,Sample B 1620p HEVC SDR,15,candidate,p2,rc=vbr tune=hq multipass=fullres spatial-aq b:v=0.95cap spatial-aq+multipass+temporal-aq+b_ref_mode,14816.7,98.8,137.0,5.74,,,,,4.12,1920x810; stream=14814.2kbps
tesla-p4-nvenc,h264,Sample B 1620p HEVC SDR,15,candidate,p5,rc=vbr tune=hq multipass=fullres spatial-aq b:v=0.95cap spatial-aq+multipass+temporal-aq+b_ref_mode,15163.6,101.1,136.0,5.65,,,,,4.07,1920x810; stream=15159.6kbps
tesla-p4-nvenc,h264,Sample B 1620p HEVC SDR,15,candidate,p7,rc=vbr tune=hq multipass=fullres spatial-aq b:v=0.95cap spatial-aq+multipass+temporal-aq+b_ref_mode,15432.1,102.9,122.0,5.05,,,,,4.33,1920x810; stream=15428.1kbps
tesla-p4-nvenc,h264,Sample C 2160p HEVC DV/HDR10,3,baseline,veryfast,agent.translate: crf->cq 23 +maxrate/bufsize,2927.9,97.6,110.0,4.58,94.797,83.456,0.9936,41.2433,4.86,1920x1080; 480f; stream=2926.7kbps
tesla-p4-nvenc,h264,Sample C 2160p HEVC DV/HDR10,3,candidate,p2,rc=vbr tune=hq multipass=fullres spatial-aq b:v=0.95cap spatial-aq+multipass+temporal-aq+b_ref_mode,2870.3,95.7,110.0,4.58,,,,,4.86,1920x1080; stream=2868.3kbps
tesla-p4-nvenc,h264,Sample C 2160p HEVC DV/HDR10,3,candidate,p5,rc=vbr tune=hq multipass=fullres spatial-aq b:v=0.95cap spatial-aq+multipass+temporal-aq+b_ref_mode,2933.9,97.8,108.0,4.48,,,,,4.89,1920x1080; stream=2930.4kbps
tesla-p4-nvenc,h264,Sample C 2160p HEVC DV/HDR10,3,candidate,p7,rc=vbr tune=hq multipass=fullres spatial-aq b:v=0.95cap spatial-aq+multipass+temporal-aq+b_ref_mode,3086.1,102.9,103.0,4.28,,,,,5.1,1920x1080; stream=3082.6kbps
tesla-p4-nvenc,h264,Sample C 2160p HEVC DV/HDR10,8,baseline,veryfast,agent.translate: crf->cq 23 +maxrate/bufsize,8002.8,100.0,109.0,4.57,96.535,88.652,0.9959,41.9465,4.82,1920x1080; 480f; stream=8001.5kbps
tesla-p4-nvenc,h264,Sample C 2160p HEVC DV/HDR10,8,candidate,p2,rc=vbr tune=hq multipass=fullres spatial-aq b:v=0.95cap spatial-aq+multipass+temporal-aq+b_ref_mode,7804.4,97.6,109.0,4.56,,,,,4.86,1920x1080; stream=7802.4kbps
tesla-p4-nvenc,h264,Sample C 2160p HEVC DV/HDR10,8,candidate,p5,rc=vbr tune=hq multipass=fullres spatial-aq b:v=0.95cap spatial-aq+multipass+temporal-aq+b_ref_mode,8023.7,100.3,108.0,4.48,95.478,87.059,0.9957,41.8242,4.86,1920x1080; 480f; stream=8020.1kbps
tesla-p4-nvenc,h264,Sample C 2160p HEVC DV/HDR10,8,candidate,p7,rc=vbr tune=hq multipass=fullres spatial-aq b:v=0.95cap spatial-aq+multipass+temporal-aq+b_ref_mode,8290.7,103.6,102.0,4.24,,,,,5.37,1920x1080; stream=8287.1kbps
tesla-p4-nvenc,h264,Sample C 2160p HEVC DV/HDR10,15,baseline,veryfast,agent.translate: crf->cq 23 +maxrate/bufsize,9713.3,64.8,109.0,4.54,96.836,91.618,0.9963,42.1118,4.86,1920x1080; 480f; stream=9712.0kbps
tesla-p4-nvenc,h264,Sample C 2160p HEVC DV/HDR10,15,candidate,p2,rc=vbr tune=hq multipass=fullres spatial-aq b:v=0.95cap spatial-aq+multipass+temporal-aq+b_ref_mode,14550.5,97.0,107.0,4.48,,,,,4.87,1920x1080; stream=14548.4kbps
tesla-p4-nvenc,h264,Sample C 2160p HEVC DV/HDR10,15,candidate,p5,rc=vbr tune=hq multipass=fullres spatial-aq b:v=0.95cap spatial-aq+multipass+temporal-aq+b_ref_mode,14977.4,99.8,103.0,4.29,,,,,5.19,1920x1080; stream=14973.8kbps
tesla-p4-nvenc,h264,Sample C 2160p HEVC DV/HDR10,15,candidate,p7,rc=vbr tune=hq multipass=fullres spatial-aq b:v=0.95cap spatial-aq+multipass+temporal-aq+b_ref_mode,15581.2,103.9,96.0,4.0,,,,,5.7,1920x1080; stream=15577.5kbps
tesla-p4-nvenc,h264,Sample C 2160p HEVC DV/HDR10,40,tonemap-floor,p7,"40 Mbps cap, slowest preset: residual loss is the GPU tone map",40341.8,100.9,63.0,2.63,97.81,93.828,0.9982,43.6679,8.95,1920x1080; 480f; stream=40337.9kbps
tesla-p4-nvenc,hevc,Sample A 1080p H.264 SDR,3,baseline,veryfast,agent.translate: crf->cq 28 +maxrate/bufsize,2967.3,98.9,268.0,11.2,95.813,86.803,0.9976,47.4931,2.4,1920x1080; 480f; stream=2966.1kbps
tesla-p4-nvenc,hevc,Sample A 1080p H.264 SDR,3,candidate,p2,rc=vbr tune=hq multipass=fullres spatial-aq b:v=0.95cap spatial-aq+multipass,2978.6,99.3,151.0,6.32,,,,,3.63,1920x1080; stream=2976.5kbps
tesla-p4-nvenc,hevc,Sample A 1080p H.264 SDR,3,candidate,p5,rc=vbr tune=hq multipass=fullres spatial-aq b:v=0.95cap spatial-aq+multipass,2982.4,99.4,132.0,5.5,,,,,4.13,1920x1080; stream=2980.3kbps
tesla-p4-nvenc,hevc,Sample A 1080p H.264 SDR,3,candidate,p7,rc=vbr tune=hq multipass=fullres spatial-aq b:v=0.95cap spatial-aq+multipass,2984.6,99.5,104.0,4.36,,,,,5.13,1920x1080; stream=2982.5kbps
tesla-p4-nvenc,hevc,Sample A 1080p H.264 SDR,8,baseline,veryfast,agent.translate: crf->cq 28 +maxrate/bufsize,3386.3,42.3,270.0,11.3,96.165,90.057,0.9978,47.8076,2.39,1920x1080; 480f; stream=3385.1kbps
tesla-p4-nvenc,hevc,Sample A 1080p H.264 SDR,8,candidate,p2,rc=vbr tune=hq multipass=fullres spatial-aq b:v=0.95cap spatial-aq+multipass,7895.2,98.7,146.0,6.09,,,,,3.87,1920x1080; stream=7893.0kbps
tesla-p4-nvenc,hevc,Sample A 1080p H.264 SDR,8,candidate,p5,rc=vbr tune=hq multipass=fullres spatial-aq b:v=0.95cap spatial-aq+multipass,7896.0,98.7,122.0,5.1,96.893,94.81,0.9989,49.1234,4.35,1920x1080; 480f; stream=7893.9kbps
tesla-p4-nvenc,hevc,Sample A 1080p H.264 SDR,8,candidate,p7,rc=vbr tune=hq multipass=fullres spatial-aq b:v=0.95cap spatial-aq+multipass,7874.5,98.4,74.0,3.09,,,,,6.87,1920x1080; stream=7872.4kbps
tesla-p4-nvenc,hevc,Sample A 1080p H.264 SDR,15,baseline,veryfast,agent.translate: crf->cq 28 +maxrate/bufsize,3387.6,22.6,272.0,11.3,96.165,90.057,0.9978,47.8098,2.37,1920x1080; 480f; stream=3386.3kbps
tesla-p4-nvenc,hevc,Sample A 1080p H.264 SDR,15,candidate,p2,rc=vbr tune=hq multipass=fullres spatial-aq b:v=0.95cap spatial-aq+multipass,14513.2,96.8,139.0,5.79,,,,,3.88,1920x1080; stream=14511.0kbps
tesla-p4-nvenc,hevc,Sample A 1080p H.264 SDR,15,candidate,p5,rc=vbr tune=hq multipass=fullres spatial-aq b:v=0.95cap spatial-aq+multipass,14674.1,97.8,111.0,4.64,,,,,4.87,1920x1080; stream=14671.9kbps
tesla-p4-nvenc,hevc,Sample A 1080p H.264 SDR,15,candidate,p7,rc=vbr tune=hq multipass=fullres spatial-aq b:v=0.95cap spatial-aq+multipass,14631.6,97.5,60.0,2.52,,,,,8.37,1920x1080; stream=14629.5kbps
tesla-p4-nvenc,hevc,Sample B 1620p HEVC SDR,3,baseline,veryfast,agent.translate: crf->cq 28 +maxrate/bufsize,2787.1,92.9,140.0,5.85,87.8,76.76,0.9868,42.5119,3.82,1920x810; 480f; stream=2785.9kbps
tesla-p4-nvenc,hevc,Sample B 1620p HEVC SDR,3,candidate,p2,rc=vbr tune=hq multipass=fullres spatial-aq b:v=0.95cap spatial-aq+multipass,3009.5,100.3,141.0,5.88,,,,,3.84,1920x810; stream=3007.0kbps
tesla-p4-nvenc,hevc,Sample B 1620p HEVC SDR,3,candidate,p5,rc=vbr tune=hq multipass=fullres spatial-aq b:v=0.95cap spatial-aq+multipass,3053.0,101.8,140.0,5.84,,,,,3.85,1920x810; stream=3050.6kbps
tesla-p4-nvenc,hevc,Sample B 1620p HEVC SDR,3,candidate,p7,rc=vbr tune=hq multipass=fullres spatial-aq b:v=0.95cap spatial-aq+multipass,3023.6,100.8,134.0,5.6,,,,,4.12,1920x810; stream=3021.2kbps
tesla-p4-nvenc,hevc,Sample B 1620p HEVC SDR,8,baseline,veryfast,agent.translate: crf->cq 28 +maxrate/bufsize,2832.1,35.4,141.0,5.89,87.828,76.969,0.9869,42.5256,3.84,1920x810; 480f; stream=2830.9kbps
tesla-p4-nvenc,hevc,Sample B 1620p HEVC SDR,8,candidate,p2,rc=vbr tune=hq multipass=fullres spatial-aq b:v=0.95cap spatial-aq+multipass,8022.9,100.3,139.0,5.81,,,,,3.84,1920x810; stream=8020.4kbps
tesla-p4-nvenc,hevc,Sample B 1620p HEVC SDR,8,candidate,p5,rc=vbr tune=hq multipass=fullres spatial-aq b:v=0.95cap spatial-aq+multipass,7987.7,99.8,139.0,5.8,,,,,3.84,1920x810; stream=7985.2kbps
tesla-p4-nvenc,hevc,Sample B 1620p HEVC SDR,8,candidate,p7,rc=vbr tune=hq multipass=fullres spatial-aq b:v=0.95cap spatial-aq+multipass,7940.2,99.3,95.0,3.96,,,,,5.62,1920x810; stream=7937.7kbps
tesla-p4-nvenc,hevc,Sample B 1620p HEVC SDR,15,baseline,veryfast,agent.translate: crf->cq 28 +maxrate/bufsize,2834.3,18.9,142.0,5.92,87.824,76.776,0.9869,42.5259,3.81,1920x810; 480f; stream=2833.1kbps
tesla-p4-nvenc,hevc,Sample B 1620p HEVC SDR,15,candidate,p2,rc=vbr tune=hq multipass=fullres spatial-aq b:v=0.95cap spatial-aq+multipass,14976.4,99.8,138.0,5.77,,,,,3.81,1920x810; stream=14973.9kbps
tesla-p4-nvenc,hevc,Sample B 1620p HEVC SDR,15,candidate,p5,rc=vbr tune=hq multipass=fullres spatial-aq b:v=0.95cap spatial-aq+multipass,14959.0,99.7,120.0,5.0,,,,,4.56,1920x810; stream=14956.5kbps
tesla-p4-nvenc,hevc,Sample B 1620p HEVC SDR,15,candidate,p7,rc=vbr tune=hq multipass=fullres spatial-aq b:v=0.95cap spatial-aq+multipass,14971.0,99.8,63.0,2.65,,,,,8.07,1920x810; stream=14968.5kbps
tesla-p4-nvenc,hevc,Sample C 2160p HEVC DV/HDR10,3,baseline,veryfast,agent.translate: crf->cq 28 +maxrate/bufsize,3053.4,101.8,110.0,4.61,95.259,84.621,0.9945,41.4703,4.84,1920x1080; 480f; stream=3052.2kbps
tesla-p4-nvenc,hevc,Sample C 2160p HEVC DV/HDR10,3,candidate,p2,rc=vbr tune=hq multipass=fullres spatial-aq b:v=0.95cap spatial-aq+multipass,2919.4,97.3,110.0,4.59,,,,,4.83,1920x1080; stream=2917.4kbps
tesla-p4-nvenc,hevc,Sample C 2160p HEVC DV/HDR10,3,candidate,p5,rc=vbr tune=hq multipass=fullres spatial-aq b:v=0.95cap spatial-aq+multipass,2891.3,96.4,110.0,4.61,,,,,4.85,1920x1080; stream=2889.3kbps
tesla-p4-nvenc,hevc,Sample C 2160p HEVC DV/HDR10,3,candidate,p7,rc=vbr tune=hq multipass=fullres spatial-aq b:v=0.95cap spatial-aq+multipass,2890.4,96.3,107.0,4.46,,,,,4.85,1920x1080; stream=2888.3kbps
tesla-p4-nvenc,hevc,Sample C 2160p HEVC DV/HDR10,8,baseline,veryfast,agent.translate: crf->cq 28 +maxrate/bufsize,3798.5,47.5,109.0,4.56,95.632,87.582,0.9949,41.6152,4.92,1920x1080; 480f; stream=3797.2kbps
tesla-p4-nvenc,hevc,Sample C 2160p HEVC DV/HDR10,8,candidate,p2,rc=vbr tune=hq multipass=fullres spatial-aq b:v=0.95cap spatial-aq+multipass,7768.2,97.1,109.0,4.57,,,,,4.86,1920x1080; stream=7766.1kbps
tesla-p4-nvenc,hevc,Sample C 2160p HEVC DV/HDR10,8,candidate,p5,rc=vbr tune=hq multipass=fullres spatial-aq b:v=0.95cap spatial-aq+multipass,7784.9,97.3,109.0,4.54,,,,,4.85,1920x1080; stream=7782.8kbps
tesla-p4-nvenc,hevc,Sample C 2160p HEVC DV/HDR10,8,candidate,p7,rc=vbr tune=hq multipass=fullres spatial-aq b:v=0.95cap spatial-aq+multipass,7777.0,97.2,81.0,3.38,,,,,6.36,1920x1080; stream=7774.9kbps
tesla-p4-nvenc,hevc,Sample C 2160p HEVC DV/HDR10,15,baseline,veryfast,agent.translate: crf->cq 28 +maxrate/bufsize,3775.4,25.2,110.0,4.59,95.614,87.189,0.9949,41.6129,4.85,1920x1080; 480f; stream=3774.2kbps
tesla-p4-nvenc,hevc,Sample C 2160p HEVC DV/HDR10,15,candidate,p2,rc=vbr tune=hq multipass=fullres spatial-aq b:v=0.95cap spatial-aq+multipass,14495.0,96.6,108.0,4.52,,,,,4.83,1920x1080; stream=14492.9kbps
tesla-p4-nvenc,hevc,Sample C 2160p HEVC DV/HDR10,15,candidate,p5,rc=vbr tune=hq multipass=fullres spatial-aq b:v=0.95cap spatial-aq+multipass,14376.7,95.8,106.0,4.44,,,,,5.11,1920x1080; stream=14374.5kbps
tesla-p4-nvenc,hevc,Sample C 2160p HEVC DV/HDR10,15,candidate,p7,rc=vbr tune=hq multipass=fullres spatial-aq b:v=0.95cap spatial-aq+multipass,14367.7,95.8,62.0,2.57,,,,,8.36,1920x1080; stream=14365.5kbps
